"comparison","chisq","df","p"
"OFAV Deep",7.90165359625984,1,"0.00494"
"OFAV Shallow",367.443344868947,1,"   0"
"OFRA",14.1188926715833,1,"0.000172"
